{"Images/Onimg1.svg":["Images/Onimg1.svg"],"Images/Onimg3.svg":["Images/Onimg3.svg"],"Images/adronLogo.png":["Images/adronLogo.png"],"Images/cittakapex.jpg":["Images/cittakapex.jpg"],"Images/mobilesearch.png":["Images/mobilesearch.png"],"Images/scanner.svg":["Images/scanner.svg"],"Images/search1.svg":["Images/search1.svg"],"packages/cupertino_icons/assets/CupertinoIcons.ttf":["packages/cupertino_icons/assets/CupertinoIcons.ttf"],"packages/simple_barcode_scanner/assets/barcode.html":["packages/simple_barcode_scanner/assets/barcode.html"],"packages/simple_barcode_scanner/assets/html5-qrcode.min.js":["packages/simple_barcode_scanner/assets/html5-qrcode.min.js"]}